step,recon_mse,recon_l1,psnr,ssim
2500,0.06394411623477936,0.19774112105369568,17.962594985961914,0.493028849363327
